Sample,Time measurement (s),Primary load measurement (N),Rising/Falling
1546812,24.282,-100.61782,Rising
1546812,24.382,-100.63398,Falling
1546812,24.582,-100.64574,Rising
1546812,24.682,-100.67892,Falling
1546812,24.782,-100.66103,Rising
1546812,26.682,-100.32485,Falling
1546812,26.782,-100.25567,Rising
1546812,27.082,-100.22352,Falling
1546812,27.182,-100.20375,Rising
1546812,27.582,-100.14726,Falling
1546812,27.682,-100.08839,Rising
1546812,27.782,-100.12168,Falling
1546812,27.882,-100.0594,Rising
1546812,27.982,-100.06416,Falling
1546812,28.081,-100.04371,Rising
1546812,28.204,-100.85023,Falling
1546812,45.404,-241.92154,Rising
1546812,45.604,-241.11391,Falling
1546812,65.146,-499.89133,Rising
1546812,66.046,-498.81653,Falling
1546812,69.146,-500.10712,Rising
1546812,69.246,-500.11832,Falling
1546812,69.346,-500.1015,Rising
1546812,69.446,-500.10486,Falling
1546812,69.746,-500.12784,Rising
1546812,69.846,-500.19568,Falling
1546812,69.945,-500.14276,Rising
,,,
1546813,23.703,-101.07386,Rising
1546813,26.003,-100.40005,Falling
1546813,26.103,-100.34859,Rising
1546813,26.203,-100.35625,Falling
1546813,26.303,-100.31018,Rising
1546813,26.403,-100.31988,Falling
1546813,26.503,-100.3145,Rising
1546813,27.224,-100.95045,Falling
1546813,44.024,-242.4798,Rising
1546813,44.124,-242.83188,Falling
1546813,46.124,-260.31183,Rising
1546813,46.224,-261.27954,Falling
1546813,63.592,-500.07199,Rising
1546813,64.292,-499.43613,Falling
1546813,64.392,-499.41116,Rising
1546813,64.492,-499.47678,Falling
1546813,65.792,-500.19794,Rising
1546813,65.992,-500.20288,Falling
1546813,66.092,-500.09256,Rising
1546813,66.192,-500.11896,Falling
1546813,66.292,-500.04553,Rising
1546813,66.392,-500.06329,Falling
1546813,66.492,-499.97189,Rising
1546813,66.892,-499.85315,Falling
1546813,66.992,-499.75824,Rising
1546813,67.092,-499.77429,Falling
1546813,67.192,-499.7081,Rising
1546813,67.292,-499.73221,Falling
1546813,67.392,-499.71579,Rising
1546813,67.492,-499.74249,Falling
1546813,67.692,-499.74799,Rising
1546813,67.792,-499.79877,Falling
1546813,67.892,-499.77667,Rising
1546813,67.992,-499.7915,Falling
1546813,68.092,-499.76773,Rising
1546813,68.192,-499.80008,Falling
1546813,68.392,-499.82108,Rising
1546813,68.414,-499.85199,Falling
1546813,68.514,-498.11499,Rising
,,,
1546814,24.452,-101.10443,Rising
1546814,26.752,-100.41216,Falling
1546814,26.852,-100.34779,Rising
1546814,26.952,-100.35213,Falling
1546814,27.052,-100.33062,Rising
1546814,27.452,-100.25587,Falling
1546814,27.552,-100.2255,Rising
1546814,27.852,-100.1993,Falling
1546814,27.952,-100.151,Rising
1546814,28.171,-100.93764,Falling
1546814,52.671,-319.7359,Rising
1546814,52.771,-320.64233,Falling
1546814,53.071,-322.10037,Rising
1546814,53.171,-323.51456,Falling
1546814,63.592,-500.17899,Rising
1546814,64.592,-499.02094,Falling
1546814,64.692,-498.99295,Rising
1546814,64.792,-499.06729,Falling
1546814,66.392,-500.1539,Rising
1546814,66.492,-500.19443,Falling
1546814,66.692,-500.21945,Rising
1546814,66.792,-500.22501,Falling
1546814,66.892,-500.15121,Rising
1546814,66.992,-500.19012,Falling
1546814,67.092,-499.93161,Rising
1546814,67.192,-500.14447,Falling
1546814,67.292,-499.95642,Rising
1546814,67.392,-500.08713,Falling
1546814,67.492,-499.98315,Rising
1546814,67.592,-500.09238,Falling
1546814,67.692,-499.93878,Rising
1546814,67.792,-499.95853,Falling
1546814,67.992,-499.85153,Rising
1546814,68.092,-500.01675,Falling
1546814,68.192,-499.81967,Rising
1546814,68.292,-499.95493,Falling
1546814,68.391,-499.77097,Rising
,,,
1546815,23.499,-100.92365,Rising
1546815,23.599,-101.00113,Falling
1546815,23.699,-100.99374,Rising
1546815,23.799,-101.01113,Falling
1546815,23.899,-100.96975,Rising
1546815,23.999,-101.0077,Falling
1546815,24.099,-100.97096,Rising
1546815,24.399,-100.92518,Falling
1546815,24.499,-100.86301,Rising
1546815,24.599,-100.86531,Falling
1546815,24.699,-100.8375,Rising
1546815,24.899,-100.79256,Falling
1546815,24.999,-100.74287,Rising
1546815,25.799,-100.56986,Falling
1546815,25.899,-100.50942,Rising
1546815,25.999,-100.5246,Falling
1546815,26.099,-100.46904,Rising
1546815,26.199,-100.4699,Falling
1546815,26.299,-100.42941,Rising
1546815,26.599,-100.38762,Falling
1546815,26.699,-100.35493,Rising
1546815,26.899,-100.33179,Falling
1546815,26.999,-100.30055,Rising
1546815,27.498,-100.23709,Falling
1546815,27.513,-100.22587,Rising
1546815,27.613,-100.95181,Falling
1546815,41.972,-213.23952,Rising
1546815,42.172,-213.65166,Falling
1546815,63.655,-500.05151,Rising
1546815,64.555,-499.24783,Falling
1546815,65.855,-500.01675,Rising
1546815,66.455,-499.91583,Falling
1546815,66.555,-499.74066,Rising
1546815,66.655,-499.81741,Falling
1546815,66.755,-499.67548,Rising
1546815,66.855,-499.74362,Falling
1546815,66.955,-499.73233,Rising
1546815,67.055,-499.74759,Falling
1546815,67.255,-499.74084,Rising
1546815,67.355,-499.81018,Falling
1546815,67.455,-499.75183,Rising
1546815,67.555,-499.80612,Falling
1546815,67.655,-499.75439,Rising
1546815,67.755,-499.78079,Falling
1546815,67.855,-499.75266,Rising
1546815,67.955,-499.78473,Falling
1546815,68.055,-499.78448,Rising
1546815,68.355,-499.78506,Falling
1546815,68.482,-499.79953,Rising
,,,
1546816,23.865,-101.08913,Rising
1546816,23.965,-101.10415,Falling
1546816,24.065,-101.09074,Rising
1546816,24.265,-101.04814,Falling
1546816,24.365,-101.00824,Rising
1546816,24.465,-101.01011,Falling
1546816,24.565,-100.95483,Rising
1546816,24.665,-100.95811,Falling
1546816,24.765,-100.90828,Rising
1546816,25.165,-100.813,Falling
1546816,25.265,-100.76932,Rising
1546816,26.165,-100.55384,Falling
1546816,26.265,-100.49456,Rising
1546816,26.365,-100.49979,Falling
1546816,26.465,-100.45905,Rising
1546816,27.065,-100.35394,Falling
1546816,27.165,-100.32711,Rising
1546816,27.387,-101.05637,Falling
1546816,41.287,-215.51672,Rising
1546816,41.387,-216.42442,Falling
1546816,43.587,-233.1752,Rising
1546816,43.687,-233.34396,Falling
1546816,63.814,-500.14102,Rising
1546816,64.614,-498.94763,Falling
1546816,64.714,-498.93781,Rising
1546816,64.814,-498.95328,Falling
1546816,65.814,-499.80762,Rising
1546816,65.914,-499.94852,Falling
1546816,66.014,-499.8949,Rising
1546816,66.114,-499.97705,Falling
1546816,66.314,-499.89911,Rising
1546816,66.414,-499.99677,Falling
1546816,66.514,-499.90799,Rising
1546816,66.614,-499.91992,Falling
1546816,66.714,-499.83023,Rising
1546816,67.114,-499.76212,Falling
1546816,67.214,-499.70612,Rising
1546816,67.314,-499.73416,Falling
1546816,67.414,-499.68747,Rising
1546816,67.514,-499.74576,Falling
1546816,67.814,-499.74091,Rising
1546816,67.914,-499.77786,Falling
1546816,68.114,-499.78827,Rising
1546816,68.214,-499.84097,Falling
1546816,68.314,-499.81158,Rising
1546816,68.414,-499.81747,Falling
1546816,68.514,-499.77304,Rising
1546816,68.613,-499.83359,Falling
1546816,68.614,-499.83197,Rising
,,,
,,,
1546818,21.805,-100.86064,Rising
1546818,24.705,-100.08725,Falling
1546818,24.805,-100.03059,Rising
1546818,25.305,-100.0005,Falling
1546818,25.405,-99.96521,Rising
1546818,25.505,-99.92815,Falling
1546818,62.628,-500.07504,Rising
1546818,63.428,-499.10471,Falling
1546818,63.528,-499.07626,Rising
1546818,63.628,-499.13043,Falling
1546818,64.828,-499.98923,Rising
1546818,64.928,-499.99426,Falling
1546818,65.028,-499.96356,Rising
1546818,65.328,-499.9361,Falling
1546818,65.428,-499.88193,Rising
1546818,66.028,-499.8316,Falling
1546818,66.128,-499.8031,Rising
1546818,66.228,-499.84253,Falling
1546818,66.328,-499.82837,Rising
1546818,66.428,-499.84653,Falling
1546818,66.528,-499.79004,Rising
1546818,66.728,-499.77972,Falling
1546818,66.828,-499.75159,Rising
1546818,66.928,-499.75577,Falling
1546818,67.028,-499.73706,Rising
1546818,67.328,-499.72223,Falling
1546818,67.427,-499.7196,Rising
,,,
1546819,22.387,-101.04937,Rising
1546819,25.487,-100.34323,Falling
1546819,25.587,-100.30453,Rising
1546819,25.686,-100.32417,Falling
1546819,25.687,-100.3237,Rising
1546819,25.802,-101.07764,Falling
1546819,47.302,-282.98264,Rising
1546819,47.402,-284.47461,Falling
1546819,48.302,-293.79044,Rising
1546819,48.402,-294.97198,Falling
1546819,62.005,-499.93008,Rising
1546819,62.805,-499.53802,Falling
1546819,62.905,-499.35495,Rising
1546819,63.005,-499.56161,Falling
1546819,63.105,-499.53125,Rising
1546819,63.205,-499.67056,Falling
1546819,63.305,-499.59378,Rising
1546819,63.405,-499.78311,Falling
1546819,63.605,-499.87521,Rising
1546819,63.705,-500.04147,Falling
1546819,63.805,-500.03033,Rising
1546819,64.105,-500.07941,Falling
1546819,64.205,-500.021,Rising
1546819,64.305,-500.02988,Falling
1546819,64.405,-500.02219,Rising
1546819,64.505,-500.05304,Falling
1546819,64.605,-499.98398,Rising
1546819,64.905,-499.93036,Falling
1546819,65.005,-499.82068,Rising
1546819,65.405,-499.72992,Falling
1546819,65.505,-499.64539,Rising
1546819,65.605,-499.71069,Falling
1546819,65.705,-499.6955,Rising
1546819,66.005,-499.70456,Falling
1546819,66.705,-499.85849,Rising
1546819,66.804,-499.8627,Falling
1546819,66.83,-499.8559,Rising
,,,
1546820,23.183,-101.11816,Rising
1546820,23.283,-101.12912,Falling
1546820,23.383,-101.08656,Rising
1546820,23.483,-101.10569,Falling
1546820,23.583,-101.0323,Rising
1546820,23.683,-101.04003,Falling
1546820,23.783,-100.94204,Rising
1546820,23.983,-100.85051,Falling
1546820,24.083,-100.74237,Rising
1546820,24.383,-100.68789,Falling
1546820,24.483,-100.60043,Rising
1546820,24.883,-100.45956,Falling
1546820,24.983,-100.38956,Rising
1546820,25.583,-100.19576,Falling
1546820,25.783,-100.17482,Rising
1546820,25.883,-100.29612,Falling
1546820,25.983,-100.195,Rising
1546820,26.083,-100.21764,Falling
1546820,26.183,-100.15266,Rising
1546820,26.283,-100.17114,Falling
1546820,26.383,-100.13615,Rising
1546820,26.583,-100.09711,Falling
1546820,26.683,-100.023,Rising
1546820,26.783,-100.04733,Falling
1546820,26.882,-99.93919,Rising
1546820,26.883,-99.9409,Falling
1546820,45.305,-253.74803,Rising
1546820,45.405,-253.88184,Falling
1546820,62.611,-499.91901,Rising
1546820,63.311,-499.13599,Falling
1546820,64.611,-499.93372,Rising
1546820,64.711,-499.99948,Falling
1546820,65.411,-500.23962,Rising
1546820,66.211,-499.99017,Falling
1546820,66.311,-499.98358,Rising
1546820,66.711,-499.9292,Falling
1546820,66.811,-499.90076,Rising
1546820,66.911,-499.9101,Falling
1546820,67.011,-499.89639,Rising
1546820,67.111,-499.91046,Falling
1546820,67.211,-499.84506,Rising
1546820,67.311,-499.85217,Falling
1546820,67.41,-499.77963,Rising
1546820,67.411,-499.78101,Falling
1546820,67.538,-497.7482,Rising
,,,
1546821,22.642,-101.27307,Rising
1546821,22.742,-101.27978,Falling
1546821,22.842,-101.2383,Rising
1546821,23.842,-100.87727,Falling
1546821,23.942,-100.82669,Rising
1546821,25.742,-100.4347,Falling
1546821,25.842,-100.35345,Rising
1546821,25.942,-100.37747,Falling
1546821,26.042,-100.27808,Rising
1546821,26.142,-100.39217,Falling
1546821,26.242,-100.24218,Rising
1546821,26.341,-100.31351,Falling
1546821,26.363,-100.30952,Rising
1546821,26.463,-100.99226,Falling
1546821,49.663,-301.8183,Rising
1546821,49.763,-302.58524,Falling
1546821,62.01,-500.14847,Rising
1546821,62.31,-499.79126,Falling
1546821,62.41,-499.60162,Rising
1546821,62.81,-499.5058,Falling
1546821,63.11,-499.43988,Rising
1546821,63.21,-499.66281,Falling
1546821,63.31,-499.51425,Rising
1546821,63.41,-499.5968,Falling
1546821,63.51,-499.49591,Rising
1546821,63.61,-499.65314,Falling
1546821,63.71,-499.56589,Rising
1546821,63.81,-499.62927,Falling
1546821,64.01,-499.64734,Rising
1546821,64.11,-499.66907,Falling
1546821,64.21,-499.59567,Rising
1546821,64.31,-499.63916,Falling
1546821,64.41,-499.59171,Rising
1546821,64.51,-499.69025,Falling
1546821,64.61,-499.68811,Rising
1546821,64.71,-499.70535,Falling
1546821,65.81,-500.32144,Rising
1546821,65.91,-500.32758,Falling
1546821,66.01,-500.31613,Rising
1546821,66.41,-500.22043,Falling
1546821,66.51,-500.20044,Rising
1546821,66.71,-500.23083,Falling
1546821,66.809,-500.203,Rising
1546821,66.81,-500.20517,Falling
1546821,66.968,-498.22177,Rising
,,,
1546822,20.975,-100.87006,Rising
1546822,21.075,-100.89046,Falling
1546822,21.375,-100.91843,Rising
1546822,21.475,-100.92465,Falling
1546822,21.575,-100.90444,Rising
1546822,21.875,-100.8961,Falling
1546822,21.975,-100.85708,Rising
1546822,22.475,-100.7372,Falling
1546822,22.575,-100.65182,Rising
1546822,22.675,-100.68209,Falling
1546822,22.775,-100.65182,Rising
1546822,23.375,-100.49653,Falling
1546822,23.475,-100.44052,Rising
1546822,23.975,-100.34418,Falling
1546822,24.075,-100.31373,Rising
1546822,24.375,-100.29676,Falling
1546822,24.475,-100.21992,Rising
1546822,24.575,-100.23486,Falling
1546822,24.675,-100.17626,Rising
1546822,24.775,-100.19574,Falling
1546822,24.874,-100.17464,Rising
1546822,24.995,-100.9549,Falling
1546822,49.277,-307.94202,Rising
1546822,49.404,-303.82126,Falling
1546822,61.266,-500.79883,Rising
1546822,62.466,-499.16046,Falling
1546822,62.566,-499.13992,Rising
1546822,62.666,-499.21643,Falling
1546822,62.966,-499.39981,Rising
1546822,63.066,-499.42343,Falling
1546822,63.666,-499.49274,Rising
1546822,63.766,-499.56778,Falling
1546822,63.866,-499.55344,Rising
1546822,63.966,-499.58237,Falling
1546822,64.066,-499.54694,Rising
1546822,64.166,-499.58835,Falling
1546822,64.366,-499.591,Rising
1546822,64.466,-499.62714,Falling
1546822,65.366,-499.87738,Rising
1546822,65.466,-499.91769,Falling
1546822,65.666,-499.92249,Rising
1546822,65.766,-499.94452,Falling
1546822,65.966,-499.97455,Rising
1546822,66.065,-499.98392,Falling
1546822,66.195,-498.27945,Rising
,,,
1546823,22.024,-101.15947,Rising
1546823,25.633,-100.87674,Falling
1546823,48.133,-290.33603,Rising
1546823,48.381,-283.25833,Falling
1546823,61.809,-500.18835,Rising
1546823,62.709,-499.11694,Falling
1546823,63.709,-499.64893,Rising
1546823,63.809,-499.69272,Falling
1546823,63.909,-499.61539,Rising
1546823,64.009,-499.63275,Falling
1546823,64.109,-499.61267,Rising
1546823,64.209,-499.67245,Falling
1546823,64.309,-499.57114,Rising
1546823,64.409,-499.65063,Falling
1546823,64.509,-499.64352,Rising
1546823,64.609,-499.66513,Falling
1546823,64.809,-499.69391,Rising
1546823,64.909,-499.73074,Falling
1546823,65.009,-499.67929,Rising
1546823,65.109,-499.72272,Falling
1546823,65.209,-499.70605,Rising
1546823,65.309,-499.73843,Falling
1546823,65.609,-499.81244,Rising
1546823,65.709,-499.87891,Falling
1546823,65.809,-499.87711,Rising
1546823,65.909,-499.97394,Falling
1546823,66.009,-499.96078,Rising
1546823,66.109,-500.02075,Falling
1546823,66.309,-500.02844,Rising
1546823,66.409,-500.03107,Falling
1546823,66.509,-500.01712,Rising
1546823,66.608,-500.08197,Falling
1546823,66.609,-500.08179,Rising
1546823,66.637,-500.08475,Falling
1546823,66.737,-498.24695,Rising
1546823,110.237,-12.62776,Falling
1546823,110.337,-12.31641,Rising
,,,
1546824,21.084,-100.96435,Rising
1546824,21.184,-100.98161,Falling
1546824,21.284,-100.9327,Rising
1546824,21.384,-100.93531,Falling
1546824,21.484,-100.90515,Rising
1546824,22.084,-100.73164,Falling
1546824,22.184,-100.63072,Rising
1546824,22.284,-100.68484,Falling
1546824,22.384,-100.59165,Rising
1546824,22.484,-100.59573,Falling
1546824,22.584,-100.54064,Rising
1546824,22.784,-100.51866,Falling
1546824,22.884,-100.45226,Rising
1546824,22.984,-100.46548,Falling
1546824,23.084,-100.41216,Rising
1546824,23.184,-100.42484,Falling
1546824,23.284,-100.3667,Rising
1546824,24.796,-100.07628,Falling
1546824,44.396,-262.7341,Rising
1546824,44.596,-261.1904,Falling
1546824,49.596,-311.10941,Rising
1546824,49.696,-312.43451,Falling
1546824,60.913,-500.34027,Rising
1546824,61.813,-499.25504,Falling
1546824,61.913,-499.2081,Rising
1546824,62.013,-499.32498,Falling
1546824,63.413,-499.8898,Rising
1546824,63.513,-499.96884,Falling
1546824,64.313,-500.17728,Rising
1546824,64.413,-500.19913,Falling
1546824,64.513,-500.17447,Rising
1546824,64.713,-500.17123,Falling
1546824,64.813,-500.16217,Rising
1546824,65.013,-500.15704,Falling
1546824,65.113,-500.14322,Rising
1546824,65.213,-500.2063,Falling
1546824,65.313,-500.15933,Rising
1546824,65.413,-500.19968,Falling
1546824,65.513,-500.15796,Rising
1546824,65.613,-500.21063,Falling
1546824,65.712,-500.17612,Rising
1546824,65.713,-500.17892,Falling
1546824,65.846,-498.22781,Rising
,,,
1546825,20.972,-100.97704,Rising
1546825,22.072,-100.66464,Falling
1546825,22.172,-100.61559,Rising
1546825,22.972,-100.42966,Falling
1546825,23.072,-100.40704,Rising
1546825,24.372,-100.14771,Falling
1546825,40.393,-230.95692,Rising
1546825,40.493,-231.61369,Falling
1546825,43.841,-254.80437,Rising
1546825,44.041,-253.89528,Falling
1546825,61.444,-500.54413,Rising
1546825,62.344,-499.26489,Falling
1546825,62.444,-499.20984,Rising
1546825,62.544,-499.26978,Falling
1546825,62.644,-499.13837,Rising
1546825,62.744,-499.32544,Falling
1546825,62.844,-499.19522,Rising
1546825,62.944,-499.29742,Falling
1546825,63.244,-499.44437,Rising
1546825,63.444,-498.64072,Falling
1546825,64.344,-500.36401,Rising
1546825,65.644,-499.91699,Falling
1546825,65.744,-499.86584,Rising
1546825,65.944,-499.89642,Falling
1546825,66.044,-499.85815,Rising
1546825,66.144,-499.86542,Falling
1546825,66.243,-499.85339,Rising
1546825,66.244,-499.85733,Falling
1546825,66.371,-498.00522,Rising
1546825,114.071,-3.50004,Falling
1546825,114.171,-3.17243,Rising
,,,
1546826,21.431,-101.1596,Rising
1546826,21.531,-101.17976,Falling
1546826,21.631,-101.12195,Rising
1546826,21.931,-101.04277,Falling
1546826,22.031,-100.9509,Rising
1546826,22.131,-100.99393,Falling
1546826,22.231,-100.89368,Rising
1546826,22.531,-100.82592,Falling
1546826,22.631,-100.79116,Rising
1546826,23.331,-100.61098,Falling
1546826,23.431,-100.58509,Rising
1546826,23.731,-100.51805,Falling
1546826,23.831,-100.4851,Rising
1546826,24.031,-100.45721,Falling
1546826,24.131,-100.42114,Rising
1546826,24.331,-100.42397,Falling
1546826,24.431,-100.40074,Rising
1546826,24.836,-101.08918,Falling
1546826,44.436,-262.13824,Rising
1546826,44.536,-262.71637,Falling
1546826,46.336,-278.6745,Rising
1546826,46.436,-279.90738,Falling
1546826,61.01,-500.36902,Rising
1546826,61.91,-499.13992,Falling
1546826,63.21,-499.88632,Rising
1546826,63.61,-499.85138,Falling
1546826,63.71,-499.80145,Rising
1546826,64.01,-499.74042,Falling
1546826,64.11,-499.67169,Rising
1546826,64.21,-499.72327,Falling
1546826,64.31,-499.71094,Rising
1546826,64.41,-499.80884,Falling
1546826,64.51,-499.74115,Rising
1546826,64.61,-499.85992,Falling
1546826,64.71,-499.71146,Rising
1546826,64.81,-499.83548,Falling
1546826,64.91,-499.75629,Rising
1546826,65.01,-499.7637,Falling
1546826,65.21,-499.759,Rising
1546826,65.31,-499.8219,Falling
1546826,65.41,-499.75446,Rising
1546826,65.51,-499.82367,Falling
1546826,65.61,-499.79718,Rising
1546826,65.809,-499.85574,Falling
1546826,65.837,-499.84076,Rising
1546826,113.637,-3.52368,Falling
1546826,113.737,-3.1521,Rising
,,,
1546827,21.294,-101.09997,Rising
1546827,21.394,-101.111,Falling
1546827,21.594,-101.11612,Rising
1546827,22.194,-100.95425,Falling
1546827,22.294,-100.87824,Rising
1546827,22.394,-100.8847,Falling
1546827,22.494,-100.85168,Rising
1546827,22.794,-100.78449,Falling
1546827,22.894,-100.7575,Rising
1546827,23.094,-100.71804,Falling
1546827,23.194,-100.67336,Rising
1546827,23.294,-100.67402,Falling
1546827,23.394,-100.61393,Rising
1546827,23.494,-100.61815,Falling
1546827,23.594,-100.57406,Rising
1546827,23.694,-100.57699,Falling
1546827,23.794,-100.54945,Rising
1546827,24.194,-100.48767,Falling
1546827,24.294,-100.45499,Rising
1546827,24.394,-100.46311,Falling
1546827,24.494,-100.42754,Rising
1546827,24.894,-100.3702,Falling
1546827,24.993,-100.32642,Rising
1546827,25.109,-101.07713,Falling
1546827,47.909,-288.63928,Rising
1546827,48.04,-284.82257,Falling
1546827,61.138,-500.1825,Rising
1546827,62.238,-499.09839,Falling
1546827,63.438,-499.94186,Rising
1546827,64.138,-499.78741,Falling
1546827,64.238,-499.7348,Rising
1546827,64.338,-499.78445,Falling
1546827,64.438,-499.7626,Rising
1546827,64.538,-499.80362,Falling
1546827,64.738,-499.77014,Rising
1546827,64.838,-499.78802,Falling
1546827,64.938,-499.7431,Rising
1546827,65.038,-499.79285,Falling
1546827,65.138,-499.75662,Rising
1546827,65.238,-499.76181,Falling
1546827,65.338,-499.74954,Rising
1546827,65.438,-499.75562,Falling
1546827,65.638,-499.73956,Rising
1546827,65.738,-499.74957,Falling
1546827,65.938,-499.84949,Rising
1546827,65.973,-499.87167,Falling
1546827,66.073,-497.97162,Rising
,,,
1546828,21.422,-101.10931,Rising
1546828,22.622,-100.71798,Falling
1546828,22.722,-100.66825,Rising
1546828,22.922,-100.63914,Falling
1546828,23.022,-100.58576,Rising
1546828,24.122,-100.32929,Falling
1546828,24.222,-100.27854,Rising
1546828,24.322,-100.2847,Falling
1546828,24.422,-100.24532,Rising
1546828,24.622,-100.24543,Falling
1546828,24.722,-100.15911,Rising
1546828,24.821,-100.19716,Falling
1546828,24.822,-100.19647,Rising
1546828,24.945,-100.98181,Falling
1546828,39.145,-210.578,Rising
1546828,39.245,-211.38773,Falling
1546828,47.445,-281.27631,Rising
1546828,47.545,-282.33173,Falling
1546828,61.638,-500.73129,Rising
1546828,62.838,-499.23636,Falling
1546828,62.938,-499.21927,Rising
1546828,63.038,-499.23172,Falling
1546828,63.338,-499.33295,Rising
1546828,63.438,-499.42157,Falling
1546828,64.638,-499.91333,Rising
1546828,64.738,-499.97107,Falling
1546828,65.338,-500.04791,Rising
1546828,65.438,-500.10538,Falling
1546828,65.538,-500.01306,Rising
1546828,65.638,-500.08337,Falling
1546828,65.738,-500.00281,Rising
1546828,65.838,-500.10657,Falling
1546828,65.938,-500.00131,Rising
1546828,66.038,-500.07605,Falling
1546828,66.138,-500.0546,Rising
1546828,66.338,-500.07672,Falling
1546828,66.437,-500.05786,Rising
1546828,66.464,-500.06985,Falling
1546828,66.564,-498.00751,Rising
,,,
1546829,21.421,-101.04613,Rising
1546829,21.521,-101.05479,Falling
1546829,21.621,-101.0435,Rising
1546829,22.421,-100.89731,Falling
1546829,22.521,-100.8354,Rising
1546829,22.621,-100.83589,Falling
1546829,22.721,-100.78754,Rising
1546829,23.921,-100.4796,Falling
1546829,24.021,-100.43503,Rising
1546829,24.821,-100.32066,Falling
1546829,24.921,-100.27359,Rising
1546829,25.021,-100.27574,Falling
1546829,25.12,-100.24414,Rising
1546829,25.121,-100.24596,Falling
1546829,42.535,-241.31532,Rising
1546829,42.735,-239.9162,Falling
1546829,61.342,-500.27948,Rising
1546829,62.242,-499.59494,Falling
1546829,62.542,-499.6312,Rising
1546829,62.642,-499.65259,Falling
1546829,62.842,-499.61026,Rising
1546829,62.942,-499.62936,Falling
1546829,63.042,-499.61261,Rising
1546829,63.142,-499.63184,Falling
1546829,63.242,-499.62952,Rising
1546829,63.342,-499.66736,Falling
1546829,63.442,-499.64459,Rising
1546829,63.542,-499.7247,Falling
1546829,63.942,-499.74341,Rising
1546829,64.042,-499.74847,Falling
1546829,64.542,-499.80521,Rising
1546829,64.642,-499.86472,Falling
1546829,65.042,-500.03052,Rising
1546829,65.142,-500.07159,Falling
1546829,65.342,-500.0574,Rising
1546829,65.442,-500.08435,Falling
1546829,65.642,-500.09756,Rising
1546829,65.742,-500.12906,Falling
1546829,66.141,-500.16721,Rising
1546829,66.161,-500.19855,Falling
1546829,66.261,-498.48257,Rising
,,,
1546830,21.837,-100.87708,Rising
1546830,21.937,-100.88486,Falling
1546830,22.037,-100.8559,Rising
1546830,24.637,-100.25947,Falling
1546830,24.737,-100.25837,Rising
1546830,25.337,-100.15839,Falling
1546830,25.437,-100.11301,Rising
1546830,25.537,-100.11524,Falling
1546830,25.637,-100.09834,Rising
1546830,25.763,-100.08326,Falling
1546830,45.163,-239.08319,Rising
1546830,45.363,-238.98093,Falling
1546830,55.039,-322.33905,Rising
1546830,55.193,-217.78419,Falling
1546830,69.54,-500.31335,Rising
1546830,70.04,-499.81351,Falling
1546830,70.14,-499.68701,Rising
1546830,70.24,-499.7085,Falling
1546830,70.34,-499.5593,Rising
1546830,70.74,-499.39224,Falling
1546830,70.84,-499.29291,Rising
1546830,70.94,-499.34497,Falling
1546830,71.04,-499.31335,Rising
1546830,71.14,-499.32132,Falling
1546830,71.24,-499.31888,Rising
1546830,71.34,-499.3891,Falling
1546830,71.44,-499.3826,Rising
1546830,71.54,-499.48151,Falling
1546830,72.34,-499.86182,Rising
1546830,72.44,-499.94424,Falling
1546830,72.54,-499.89893,Rising
1546830,72.64,-500.05661,Falling
1546830,72.74,-499.99466,Rising
1546830,72.84,-500.1015,Falling
1546830,72.94,-500.08737,Rising
1546830,73.04,-500.18948,Falling
1546830,73.44,-500.25516,Rising
1546830,73.54,-500.27896,Falling
1546830,73.64,-500.20844,Rising
1546830,73.74,-500.24515,Falling
1546830,73.84,-500.18091,Rising
1546830,73.94,-500.23444,Falling
1546830,74.04,-500.16821,Rising
1546830,74.14,-500.19254,Falling
1546830,74.339,-500.19211,Rising
1546830,103.87,-0.68018,Falling
1546830,104.57,-0.74091,Rising
,,,
1546831,21.354,-101.09015,Rising
1546831,21.454,-101.10281,Falling
1546831,21.554,-101.0528,Rising
1546831,21.654,-101.08977,Falling
1546831,21.754,-101.05573,Rising
1546831,22.054,-101.00682,Falling
1546831,22.154,-100.9519,Rising
1546831,22.954,-100.73732,Falling
1546831,23.054,-100.67385,Rising
1546831,24.054,-100.46777,Falling
1546831,24.154,-100.42125,Rising
1546831,25.153,-100.24018,Falling
1546831,25.176,-100.22356,Rising
1546831,25.276,-101.02274,Falling
1546831,41.347,-226.44785,Rising
1546831,41.566,-221.88591,Falling
1546831,61.832,-500.202,Rising
1546831,62.532,-499.53732,Falling
1546831,62.632,-499.52274,Rising
1546831,62.732,-499.55511,Falling
1546831,63.232,-499.77686,Rising
1546831,63.832,-499.69223,Falling
1546831,64.132,-499.77301,Rising
1546831,64.432,-499.7316,Falling
1546831,64.532,-499.70621,Rising
1546831,64.832,-499.70523,Falling
1546831,65.532,-499.91071,Rising
1546831,65.632,-499.95288,Falling
1546831,65.832,-499.95929,Rising
1546831,65.932,-499.95975,Falling
1546831,66.632,-500.17004,Rising
1546831,66.659,-500.19049,Falling
1546831,66.759,-498.54434,Rising
,,,
1546832,22.435,-101.28295,Rising
1546832,22.535,-101.30298,Falling
1546832,22.635,-101.2382,Rising
1546832,24.935,-100.58944,Falling
1546832,25.035,-100.54892,Rising
1546832,25.235,-100.52584,Falling
1546832,25.335,-100.48903,Rising
1546832,25.735,-100.42906,Falling
1546832,25.835,-100.40157,Rising
1546832,26.085,-101.11936,Falling
1546832,50.985,-324.70416,Rising
1546832,51.253,-320.83725,Falling
1546832,61.676,-500.46164,Rising
1546832,62.876,-499.08841,Falling
1546832,63.476,-499.3259,Rising
1546832,63.576,-499.38522,Falling
1546832,65.376,-500.17709,Rising
1546832,65.476,-500.23889,Falling
1546832,65.576,-500.22418,Rising
1546832,65.676,-500.23865,Falling
1546832,65.776,-500.23251,Rising
1546832,65.976,-500.23734,Falling
1546832,66.076,-500.15866,Rising
1546832,66.176,-500.1788,Falling
1546832,66.276,-500.13025,Rising
1546832,66.376,-500.18686,Falling
1546832,66.475,-500.14883,Rising
,,,
1546833,20.587,-101.13882,Rising
1546833,20.687,-101.14573,Falling
1546833,20.787,-101.10645,Rising
1546833,24.211,-101.03886,Falling
1546833,42.311,-249.789,Rising
1546833,42.411,-250.76106,Falling
1546833,44.91,-266.67639,Rising
1546833,45.11,-267.39258,Falling
1546833,61.101,-500.90872,Rising
1546833,62.401,-499.16556,Falling
1546833,62.501,-499.15009,Rising
1546833,62.701,-499.15512,Falling
1546833,62.801,-499.13907,Rising
1546833,62.901,-499.19153,Falling
1546833,63.301,-499.28171,Rising
1546833,63.401,-499.32416,Falling
1546833,63.901,-499.52176,Rising
1546833,64.001,-499.61697,Falling
1546833,64.401,-499.70074,Rising
1546833,64.501,-499.76276,Falling
1546833,65.301,-500.07968,Rising
1546833,65.601,-500.11493,Falling
1546833,65.901,-500.1958,Rising
1546833,65.924,-500.24615,Falling
1546833,66.024,-498.64194,Rising
